Workbook

Sheet Legend
B2: FAIR-Based Risk Register
B3: Factor Analysis of Information Risk (FAIR) quantification model
B5: Purpose
B6: This workbook applies the FAIR model to estimate Annualized Loss Expectancy (ALE) for a hypothetical mid-size Kenyan fintech organization. It extends the Cyber Risk Quantification (CRQ) methodology published separately, translating breach-cost benchmarks into scenario-level financial exposure and treatment priorities.
B11: How to use this workbook
B12: 1. Go to the 'Risk Register' tab. Cells shaded blue text are inputs — edit LEF and Loss Magnitude estimates as your context changes.
B13: 2. Annualized Loss Expectancy (ALE), Risk Score, and Risk Rating recalculate automatically from formulas — do not hardcode these.
B14: 3. See the 'FAIR Assumptions' tab for the frequency/magnitude scales and source citations used to anchor each estimate.
B15: 4. The 'Heat Map' tab summarizes all scenarios by Likelihood x Impact for a one-page executive view.
B17: Color legend
B18: Blue text | C18: Hardcoded input — edit as needed (FAIR estimates, controls, owners)
B19: Black text | C19: Formula — do not overwrite, will recalculate automatically
B20: Yellow fill | C20: Key assumption or example row — replace with your own scenario data
B22: Risk rating color key
B23: Low
B24: Medium
B25: High
B26: Critical

Sheet FAIR Assumptions
B2: FAIR Reference Scales & Sourcing
B4: 1. Loss Event Frequency (LEF) scale — estimated occurrences per year
B5: Rating | C5: Range (events/year) | D5: Description
B6: Low | C6: < 0.1 | D6: Less than once every 10 years
B7: Medium | C7: 0.1 - 1.0 | D7: Roughly once every 1-10 years
B8: High | C8: 1.0 - 10 | D8: Multiple times per year up to about 10x
B9: Very High | C9: > 10 | D9: More than 10 times per year
B12: 2. Loss Magnitude anchor points (USD) — sourced
B13: Anchor | C13: Value (USD) | D13: Source | E13: Notes
B14: Global average cost per breach (2025) | C14: $4,440,000 | D14: IBM Cost of a Data Breach Report 2025 (Ponemon Institute) | E14: Baseline global anchor, all industries, 600 orgs surveyed
B15: Financial services industry average (2025) | C15: $5,560,000 | D15: IBM Cost of a Data Breach Report 2025 | E15: Sector-specific anchor, most relevant to fintech scenarios
B16: Average ransomware recovery cost (2025) | C16: $1,530,000 | D16: IBM Cost of a Data Breach Report 2025 (as cited by DataBreachCost.com aggregation) | E16: Used to anchor ransomware scenario magnitude
B17: Shadow AI cost premium (2025) | C17: $670,000 | D17: IBM Cost of a Data Breach Report 2025 | E17: Added cost when unsanctioned AI tools are involved in a breach
B18: Cost premium for breaches lasting >200 days | C18: $1,140,000 | D18: IBM Cost of a Data Breach Report 2025 | E18: 24% premium vs breaches contained within 200 days; used for supply-chain / insider scenarios with longer dwell time
B19: Regional scaling factor applied (this workbook) | C19: 12% | D19: Analyst assumption — not sourced | E19: IBM anchors reflect global/US enterprise averages; scaled down to approximate a mid-size East African fintech's revenue and data footprint. Adjust B-column scaling inputs on Risk Register tab if your organization's size differs.
B22: 3. Risk rating thresholds (Annualized Loss Expectancy, USD)
B23: Rating | C23: ALE Threshold (USD)
B24: Low | C24: < $10,000
B25: Medium | C25: $10,000 - $75,000
B26: High | C26: $75,000 - $250,000
B27: Critical | C27: > $250,000

Sheet Risk Register
B2: Cyber Risk Register - FAIR Quantification
B3: Illustrative scenario for a mid-size Kenyan fintech. Replace scenarios, LEF, and magnitude with organization-specific data.
B5: ID | C5: Risk Scenario | D5: Threat Community | E5: Asset / System | F5: LEF (events/yr) | G5: Loss Magnitude ($) | H5: Annualized Loss Expectancy (ALE, $) | I5: Likelihood Category | J5: Impact Category | K5: Risk Rating | L5: Existing Controls | M5: Treatment Recommendation | N5: Risk Owner | O5: Source / Notes
B6: R-01 | C6: Ransomware encryption of core banking / policy admin systems | D6: External - organized cybercrime | E6: Core banking & policy administration servers | F6: 0.4 | G6: 183600 | H6: =F6*G6 -> 73440 | I6: =IF(F6<0.1,"Low",IF(F6<1,"Medium",IF(F6<10,"High","Very High"))) -> Medium | J6: =IF(G6<50000,"Low",IF(G6<250000,"Medium",IF(G6<1000000,"High","Very High"))) -> Medium | K6: =IF(H6<10000,"Low",IF(H6<75000,"Medium",IF(H6<250000,"High","Critical"))) -> Medium | L6: EDR on endpoints, offline backups tested quarterly, Sysmon logging | M6: Mitigate - implement immutable backups, tabletop ransomware exercise, network segmentation | N6: Head of IT / CISO | O6: Magnitude anchored to IBM 2025 ransomware recovery cost ($1.53M) x 12% regional scaling factor
B7: R-02 | C7: Third-party vendor breach exposing customer records (supply chain) | D7: External - third-party / supply chain | E7: Customer PII held by outsourced KYC vendor | F7: 0.3 | G7: 730800 | H7: =F7*G7 -> 219240 | I7: =IF(F7<0.1,"Low",IF(F7<1,"Medium",IF(F7<10,"High","Very High"))) -> Medium | J7: =IF(G7<50000,"Low",IF(G7<250000,"Medium",IF(G7<1000000,"High","Very High"))) -> High | K7: =IF(H7<10000,"Low",IF(H7<75000,"Medium",IF(H7<250000,"High","Critical"))) -> High | L7: Vendor due-diligence checklist at onboarding, annual vendor review | M7: Mitigate - add breach-notification SLA to vendor contracts, require SOC 2 report annually | N7: Head of Procurement / GRC Lead | O7: Magnitude anchored to financial services average ($5.56M) x 12%, plus long-dwell-time premium reflecting 267-day mean supply-chain detection time (IBM 2025)
B8: R-03 | C8: Malicious insider exfiltrates customer financial data | D8: Internal - privileged employee | E8: Customer transaction database | F8: 0.15 | G8: 666600 | H8: =F8*G8 -> 99990 | I8: =IF(F8<0.1,"Low",IF(F8<1,"Medium",IF(F8<10,"High","Very High"))) -> Medium | J8: =IF(G8<50000,"Low",IF(G8<250000,"Medium",IF(G8<1000000,"High","Very High"))) -> High | K8: =IF(H8<10000,"Low",IF(H8<75000,"Medium",IF(H8<250000,"High","Critical"))) -> High | L8: Role-based access control, quarterly access reviews | M8: Mitigate - deploy DLP on database exports, enforce least privilege, insider-threat monitoring via Velociraptor/Sysmon | N8: Head of IT / HR | O8: Magnitude anchored to financial services average ($5.56M) x 12%, plus dwell-time premium (260-day mean insider detection time, IBM 2025)
B9: R-04 | C9: Phishing-enabled account takeover leading to fraudulent transfers | D9: External - organized cybercrime | E9: Customer online banking / mobile app accounts | F9: 2.5 | G9: 53300 | H9: =F9*G9 -> 133250 | I9: =IF(F9<0.1,"Low",IF(F9<1,"Medium",IF(F9<10,"High","Very High"))) -> High | J9: =IF(G9<50000,"Low",IF(G9<250000,"Medium",IF(G9<1000000,"High","Very High"))) -> Medium | K9: =IF(H9<10000,"Low",IF(H9<75000,"Medium",IF(H9<250000,"High","Critical"))) -> High | L9: MFA on customer accounts, email security gateway, phishing awareness training | M9: Mitigate - transaction anomaly monitoring, step-up authentication on high-value transfers | N9: Head of Fraud / Security Operations | O9: Magnitude anchored to global average ($4.44M) x 12%, scaled to single-incident scope (not full-breach scale)
B10: R-05 | C10: Cloud storage misconfiguration exposes customer PII (Azure/AWS) | D10: Internal - configuration error | E10: Cloud-hosted customer data (Azure Blob / AWS S3) | F10: 0.5 | G10: 532800 | H10: =F10*G10 -> 266400 | I10: =IF(F10<0.1,"Low",IF(F10<1,"Medium",IF(F10<10,"High","Very High"))) -> Medium | J10: =IF(G10<50000,"Low",IF(G10<250000,"Medium",IF(G10<1000000,"High","Very High"))) -> High | K10: =IF(H10<10000,"Low",IF(H10<75000,"Medium",IF(H10<250000,"High","Critical"))) -> Critical | L10: ScoutSuite quarterly cloud audit, tagged data classification | M10: Mitigate - automate config drift detection (e.g. CSPM tool), enforce private-by-default storage policy | N10: Cloud/Infrastructure Lead | O10: Magnitude anchored to global average ($4.44M) x 12%; likelihood informed by ScoutSuite audit findings
B11: R-06 | C11: DDoS attack disrupts customer-facing digital banking platform | D11: External - hacktivist / extortion | E11: Public web & mobile banking platform | F11: 1.2 | G11: 44400 | H11: =F11*G11 -> 53280 | I11: =IF(F11<0.1,"Low",IF(F11<1,"Medium",IF(F11<10,"High","Very High"))) -> High | J11: =IF(G11<50000,"Low",IF(G11<250000,"Medium",IF(G11<1000000,"High","Very High"))) -> Low | K11: =IF(H11<10000,"Low",IF(H11<75000,"Medium",IF(H11<250000,"High","Critical"))) -> Medium | L11: CDN with basic DDoS protection | M11: Mitigate - upgrade to dedicated anti-DDoS service, incident response runbook for availability events | N11: Head of IT Operations | O11: Magnitude anchored to global average ($4.44M) x 1% (availability-only impact, not full data breach)
B12: R-07 | C12: Unpatched web application vulnerability exploited (RCE/SQLi) | D12: External - opportunistic attacker | E12: Customer-facing web application | F12: 0.8 | G12: 266400 | H12: =F12*G12 -> 213120 | I12: =IF(F12<0.1,"Low",IF(F12<1,"Medium",IF(F12<10,"High","Very High"))) -> Medium | J12: =IF(G12<50000,"Low",IF(G12<250000,"Medium",IF(G12<1000000,"High","Very High"))) -> High | K12: =IF(H12<10000,"Low",IF(H12<75000,"Medium",IF(H12<250000,"High","Critical"))) -> High | L12: Quarterly vulnerability scanning, WAF in front of production | M12: Mitigate - formalize patch SLA (critical patches within 14 days), integrate SAST/DAST into CI/CD | N12: Head of Application Security | O12: Magnitude anchored to financial services average ($5.56M) x 12% x 40% (partial breach scope)
B13: R-08 | C13: API authorization flaw (IDOR) exposes another customer's account data | D13: External - opportunistic attacker | E13: Mobile banking API layer | F13: 0.6 | G13: 200160 | H13: =F13*G13 -> 120096 | I13: =IF(F13<0.1,"Low",IF(F13<1,"Medium",IF(F13<10,"High","Very High"))) -> Medium | J13: =IF(G13<50000,"Low",IF(G13<250000,"Medium",IF(G13<1000000,"High","Very High"))) -> Medium | K13: =IF(H13<10000,"Low",IF(H13<75000,"Medium",IF(H13<250000,"High","Critical"))) -> High | L13: Manual pentest coverage (annual), Burp Suite regression tests | M13: Mitigate - object-level authorization testing in QA, automated API security scanning pre-release | N13: Head of Application Security | O13: Modeled on IDOR finding pattern (CVSS 9.8) from internal Vulnbank pentest exercise; magnitude anchored to financial services average x 12% x 30% (partial exposure scope)
B14: R-09 | C14: Late/incomplete ODPC registration and DPIA submission (regulatory non-compliance) | D14: Internal - process/compliance gap | E14: Data protection compliance program | F14: 0.9 | G14: 25000 | H14: =F14*G14 -> 22500 | I14: =IF(F14<0.1,"Low",IF(F14<1,"Medium",IF(F14<10,"High","Very High"))) -> Medium | J14: =IF(G14<50000,"Low",IF(G14<250000,"Medium",IF(G14<1000000,"High","Very High"))) -> Low | K14: =IF(H14<10000,"Low",IF(H14<75000,"Medium",IF(H14<250000,"High","Critical"))) -> Medium | L14: Kenya DPA 2019 gap matrix completed, partial ODPC registration in progress | M14: Mitigate - complete ODPC registration, formalize DPIA process with defined submission timelines | N14: Data Protection Officer / GRC Lead | O14: Magnitude estimated from ODPC administrative fine range under Kenya DPA 2019, not IBM-sourced - confirm current fine schedule with ODPC before use
B15: R-10 | C15: Shadow AI tool usage leads to unauthorized data exposure | D15: Internal - unsanctioned tool use | E15: Employee-used generative AI tools | F15: 0.7 | G15: 80400 | H15: =F15*G15 -> 56280 | I15: =IF(F15<0.1,"Low",IF(F15<1,"Medium",IF(F15<10,"High","Very High"))) -> Medium | J15: =IF(G15<50000,"Low",IF(G15<250000,"Medium",IF(G15<1000000,"High","Very High"))) -> Medium | K15: =IF(H15<10000,"Low",IF(H15<75000,"Medium",IF(H15<250000,"High","Critical"))) -> Medium | L15: No formal AI usage policy currently in place | M15: Avoid/Mitigate - publish acceptable-use AI policy, deploy AI access controls and logging | N15: CISO / IT Governance | O15: Magnitude anchored to IBM 2025 shadow AI cost premium ($670,000) x 12% regional scaling factor
C17: Portfolio Total Annualized Loss Expectancy | H17: =SUM(H6:H15) -> 1257596

Sheet Heat Map
B2: Risk Heat Map (Likelihood x Impact)
B3: Counts of scenarios from Risk Register by Likelihood Category and Impact Category
C5: Likelihood \ Impact -> | D5: Low | E5: Medium | F5: High | G5: Very High
C6: Low | D6: =COUNTIFS('Risk Register'!I6:I15,"Low",'Risk Register'!J6:J15,"Low") -> 0 | E6: =COUNTIFS('Risk Register'!I6:I15,"Low",'Risk Register'!J6:J15,"Medium") -> 0 | F6: =COUNTIFS('Risk Register'!I6:I15,"Low",'Risk Register'!J6:J15,"High") -> 0 | G6: =COUNTIFS('Risk Register'!I6:I15,"Low",'Risk Register'!J6:J15,"Very High") -> 0
C7: Medium | D7: =COUNTIFS('Risk Register'!I6:I15,"Medium",'Risk Register'!J6:J15,"Low") -> 1 | E7: =COUNTIFS('Risk Register'!I6:I15,"Medium",'Risk Register'!J6:J15,"Medium") -> 3 | F7: =COUNTIFS('Risk Register'!I6:I15,"Medium",'Risk Register'!J6:J15,"High") -> 4 | G7: =COUNTIFS('Risk Register'!I6:I15,"Medium",'Risk Register'!J6:J15,"Very High") -> 0
C8: High | D8: =COUNTIFS('Risk Register'!I6:I15,"High",'Risk Register'!J6:J15,"Low") -> 1 | E8: =COUNTIFS('Risk Register'!I6:I15,"High",'Risk Register'!J6:J15,"Medium") -> 1 | F8: =COUNTIFS('Risk Register'!I6:I15,"High",'Risk Register'!J6:J15,"High") -> 0 | G8: =COUNTIFS('Risk Register'!I6:I15,"High",'Risk Register'!J6:J15,"Very High") -> 0
C9: Very High | D9: =COUNTIFS('Risk Register'!I6:I15,"Very High",'Risk Register'!J6:J15,"Low") -> 0 | E9: =COUNTIFS('Risk Register'!I6:I15,"Very High",'Risk Register'!J6:J15,"Medium") -> 0 | F9: =COUNTIFS('Risk Register'!I6:I15,"Very High",'Risk Register'!J6:J15,"High") -> 0 | G9: =COUNTIFS('Risk Register'!I6:I15,"Very High",'Risk Register'!J6:J15,"Very High") -> 0
C11: Reading the matrix
C12: Each cell counts how many of the 10 risk scenarios fall into that Likelihood/Impact combination. Cross-reference the 'Risk Register' tab for scenario detail and ALE figures.
